n_train,n_test,covariate_index,covariate,mean_mse_mlm,mean_mse_bayes,sd_mse_mlm,sd_mse_bayes,mean_repetition_ratio,median_repetition_ratio,sd_repetition_ratio,se_repetition_ratio,ratio_of_mean_mses,percent_reduction_from_mean_mses,R
40,744,1,Sex: Female,0.032359361494941,0.011702713355087229,0.008239696483278278,0.003260496252655683,2.7932660357809125,2.792401971743399,0.3681332240845155,0.036813322408451546,2.7651161327363645,63.83515367904645,100
60,724,1,Sex: Female,0.020833372986758133,0.009487110801491122,0.0035797724342931055,0.0014244586697723777,2.2044165877864854,2.1908894043443414,0.2654691028963844,0.02654691028963844,2.195966024080132,54.461954828336204,100
80,704,1,Sex: Female,0.015890171918314135,0.008226154371020415,0.0029026014526446664,0.0014179359464755324,1.9422769911114517,1.9660869774432919,0.24315067791296302,0.024315067791296302,1.9316646882160362,48.23118079962745,100
100,684,1,Sex: Female,0.01255587393478062,0.007311854938942957,0.0020415663691792847,0.0011086904625741975,1.724262450118084,1.7343788279225962,0.18904879561544657,0.018904879561544657,1.7171940690327436,41.76546390220896,100
125,659,1,Sex: Female,0.010178268119621215,0.006566860222443516,0.0015251531092356468,0.0008256251328097994,1.5530481167032202,1.5487426037983452,0.1592106736184695,0.01592106736184695,1.549944383593702,35.481555945807585,100
150,634,1,Sex: Female,0.008567518752963332,0.005980936744942943,0.0017228453035920703,0.0011984394698418826,1.439136972717041,1.4428779805440635,0.14925028105509508,0.014925028105509507,1.4324710523326332,30.190561381914016,100
200,584,1,Sex: Female,0.007028295599351625,0.005394394009546032,0.0011637006047516877,0.0008880598268360573,1.3076502218148431,1.30345904442207,0.11060551706617637,0.011060551706617638,1.302888811405731,23.247479658600646,100
250,534,1,Sex: Female,0.006025904831675557,0.004890176309052759,0.0009513850555085706,0.0007982248679024461,1.236506814486729,1.2360136790197553,0.09329583335126541,0.009329583335126542,1.2322469479311662,18.847435436629667,100
300,484,1,Sex: Female,0.0056390081684594175,0.0047811648871235865,0.0008613257568742689,0.0008144931875510245,1.1848777171523204,1.1924602431477014,0.08392704593602845,0.008392704593602845,1.179421396581853,15.212662505686614,100
400,384,1,Sex: Female,0.00525295903187195,0.004724087689767106,0.0008004071000973948,0.0006685514199603426,1.1116203074555648,1.1167673873707602,0.05351577259300393,0.0053515772593003925,1.1119520586483687,10.068065235155178,100
500,284,1,Sex: Female,0.005825550008141087,0.005475127182553739,0.0009624160788146661,0.0009206720815545893,1.0656837630170914,1.0703992488918181,0.04749923851219493,0.004749923851219493,1.0640026822945694,6.015274525111602,100
600,184,1,Sex: Female,0.0072960893777215515,0.007040139950638652,0.0011247706568683154,0.0011014452886862985,1.0371657964433307,1.0360315400384774,0.03157590888942078,0.003157590888942078,1.0363557299822828,3.508035796058573,100
40,744,2,Age,0.00020027437930206002,5.250100767616981e-5,0.00010794606284760971,2.5848576698258277e-5,3.8547219099385446,3.6603305732930904,1.0207079005100996,0.10207079005100997,3.814676863677885,73.78545979813715,100
60,724,2,Age,0.0001161858737753679,3.966095746785389e-5,3.4261550848956885e-5,1.033062712381321e-5,2.9463566654380116,2.8721818769995506,0.5578584480845794,0.05578584480845794,2.9294772792497303,65.86421724164693,100
80,704,2,Age,8.591326371229156e-5,3.477981189898422e-5,2.7251582803457553e-5,8.277208408249052e-6,2.4748808004470644,2.417786705057563,0.46597715382485266,0.046597715382485264,2.4702049557318264,59.51752919612541,100
100,684,2,Age,6.573483385671286e-5,3.1097887651312924e-5,1.5139645625181228e-5,5.640291627467821e-6,2.120648631861477,2.0811951678621394,0.3534284824672209,0.03534284824672209,2.1138038246767414,52.6919202091553,100
125,659,2,Age,5.4898012345224854e-5,2.910638036631126e-5,1.2349141220466253e-5,5.9860386422991154e-6,1.9008824142284046,1.8883618159633677,0.29485925505046956,0.029485925505046955,1.8861160905038445,46.98099416919419,100
150,634,2,Age,4.625551682629685e-5,2.7287203041315326e-5,7.4717209345213775e-6,4.636541386159307e-6,1.7174597711163853,1.6867920553697358,0.2592550951113606,0.025925509511136056,1.6951358758265462,41.00767883799278,100
200,584,2,Age,3.6821948642333157e-5,2.3937583872199685e-5,5.948414202953497e-6,4.018753673153916e-6,1.550464303197064,1.5333335527269245,0.18262616900326636,0.018262616900326635,1.5382483394699222,34.990991094155945,100
250,534,2,Age,3.270710134426696e-5,2.382154721930957e-5,5.2233238737956775e-6,3.9099622381062665e-6,1.3826785325040731,1.3654132321708214,0.15783169421463575,0.015783169421463576,1.3730049120300138,27.167048621735745,100
300,484,2,Age,2.9515049192827713e-5,2.305088780454023e-5,4.475358849230313e-6,3.736529284088901e-6,1.2894412830091386,1.2870699248929625,0.13849937231176898,0.013849937231176898,1.2804300399663682,21.901238741144645,100
400,384,2,Age,2.8355135237513037e-5,2.431056807032126e-5,4.293207876082102e-6,4.2189564105396835e-6,1.174385347057688,1.177882296102699,0.09715524911592288,0.009715524911592287,1.1663707386636288,14.263967120287013,100
500,284,2,Age,3.0398062233058373e-5,2.757092003391063e-5,4.718023255483623e-6,4.404377152786133e-6,1.1052467892640008,1.1020653071621054,0.06452306022036874,0.006452306022036875,1.1025407275372212,9.30040269498883,100
600,184,2,Age,4.018479627147862e-5,3.815376859342274e-5,7.858781839799128e-6,7.640352712382814e-6,1.05531058535919,1.0506841315358875,0.04934285267666794,0.004934285267666794,1.0532326884848278,5.054219173676422,100
40,744,3,BMI,0.0007244431932121216,0.00021290120688679832,0.0002635773546259509,6.028972194438996e-5,3.391964654438213,3.2794358896133033,0.7179885208240739,0.0717988520824074,3.4027199930215297,70.61174583712881,100
60,724,3,BMI,0.00043452828130179566,0.00016833025624944962,0.00011989377239623338,3.422947499312209e-5,2.591449643366423,2.4844139365332776,0.532846944498565,0.05328469444985649,2.5814033138395844,61.26138079087695,100
80,704,3,BMI,0.0003231583968302837,0.00014789042353523284,8.092707051335489e-5,2.7871300533232426e-5,2.1972025011926037,2.16704794130671,0.4041017391521695,0.04041017391521695,2.1851205041230792,54.23593352800857,100
100,684,3,BMI,0.00025053112895598734,0.00013494757533227247,6.483851913248076e-5,2.939057200572881e-5,1.8632196486578658,1.881339851771322,0.30515974469157076,0.030515974469157076,1.856507079427853,46.135406049289905,100
125,659,3,BMI,0.00020622778569189977,0.00011962964949232524,4.225879654489646e-5,2.475854723491769e-5,1.7461233449154066,1.750959781539886,0.29054313719915126,0.029054313719915126,1.7238852288464672,41.99149785225858,100
150,634,3,BMI,0.00016726961235573508,0.00011140165270005144,2.9384091282606716e-5,1.7697840546812573e-5,1.516587381089781,1.498700860866732,0.2418728691803408,0.024187286918034078,1.5015002767158934,33.39994567385516,100
200,584,3,BMI,0.0001402840545406494,9.826590383874335e-5,2.4557179827879972e-5,1.5637663707659036e-5,1.4326199428076007,1.4219056513244486,0.1619896131617935,0.01619896131617935,1.4275964404790784,29.952192955565504,100
250,534,3,BMI,0.0001204122121089629,9.408404259908255e-5,1.988640867809352e-5,1.4520890840352882e-5,1.2851333430608414,1.2816637138917844,0.14033679111060723,0.014033679111060723,1.2798367160100868,21.865032664673233,100
300,484,3,BMI,0.00011308666073643661,9.348975656024129e-5,1.9357921599947776e-5,1.7451036340988625e-5,1.2208802478406184,1.2373502089018955,0.13746122703697053,0.013746122703697053,1.2096155225686978,17.329103228070807,100
400,384,3,BMI,0.00010431668882536141,9.347642460520214e-5,1.6093972376181873e-5,1.677164612509038e-5,1.1244052723019053,1.1264472215594565,0.09774476849730393,0.009774476849730393,1.115967895284219,10.391687410925366,100
500,284,3,BMI,0.00011412427820941578,0.00010557072218933667,1.7800350687586032e-5,1.7322646411998528e-5,1.084592473510995,1.0862602843559097,0.06628934426118853,0.006628934426118853,1.0810220470476528,7.494948624676956,100
600,184,3,BMI,0.00014998556150700481,0.00014412038528390143,2.9748499576931134e-5,2.9641916513153277e-5,1.042803750663381,1.0334441372175365,0.044934949294895485,0.0044934949294895485,1.0406963679117955,3.910493892993472,100
40,744,4,SmokingPackYears,7.413964219482266e-5,1.2844899741363326e-5,2.533207329656074e-5,5.403322617518379e-6,6.163225306678535,5.76400003008213,1.8403352727852766,0.18403352727852768,5.771912874966018,82.67472115982196,100
60,724,4,SmokingPackYears,4.6923811783882456e-5,9.402987154622907e-6,1.7538058575558612e-5,4.067904457481084e-6,5.277801452307017,4.9004682937293556,1.5384549941317585,0.15384549941317585,4.990309038209493,79.96116087514298,100
80,704,4,SmokingPackYears,3.49830571410083e-5,8.152240187547295e-6,9.516314698363678e-6,2.6824251505260683e-6,4.426910905711489,4.3015186470841495,0.8978747667948468,0.08978747667948468,4.291220123082929,76.69660443143212,100
100,684,4,SmokingPackYears,2.7761254660808494e-5,7.196866987040936e-6,6.569559897576968e-6,1.947382284417334e-6,3.9591054953913023,3.884750302410155,0.8387642948873968,0.08387642948873968,3.8574083293184236,74.0758583321488,100
125,659,4,SmokingPackYears,2.325585940423524e-5,6.790647987534972e-6,5.64545914761254e-6,1.5547492336206002e-6,3.4784377427139606,3.422676279271524,0.690936858665009,0.0690936858665009,3.4246892854590736,70.8002707210283,100
150,634,4,SmokingPackYears,1.8961204219540638e-5,6.399033540065064e-6,4.440964302625266e-6,1.520086051964161e-6,2.994382145675141,2.916484929116104,0.49855276088698436,0.049855276088698434,2.9631356205311974,66.25196656301775,100
200,584,4,SmokingPackYears,1.4421924231649786e-5,6.141189109511491e-6,2.85264571642488e-6,1.2545832252139288e-6,2.367894813225438,2.3260459453727442,0.33360374617347416,0.033360374617347414,2.3483927907891764,57.41768566475838,100
250,534,4,SmokingPackYears,1.3052725447590666e-5,6.323202403098005e-6,2.284916033763742e-6,1.0264419554142013e-6,2.078515745812336,2.0702277609456283,0.2763083372066422,0.027630833720664223,2.0642586802528387,51.55645900553917,100
300,484,4,SmokingPackYears,1.2229046494918895e-5,6.5409809091877565e-6,2.1716944836704028e-6,1.038339962938924e-6,1.8799047192195808,1.8670076727836633,0.24118908231403513,0.024118908231403512,1.8696043704609235,46.512748055169304,100
400,384,4,SmokingPackYears,1.1222926166973647e-5,7.441962397991154e-6,1.7958356191130653e-6,1.262938121725074e-6,1.5194975626422778,1.4938598126599338,0.17152948092484885,0.017152948092484886,1.5080600474416677,33.689643081756635,100
500,284,4,SmokingPackYears,1.221186978388027e-5,9.403454555055445e-6,1.709889213584971e-6,1.4410023236307182e-6,1.3074837852871566,1.2798883280470772,0.1303474699696891,0.01303474699696891,1.2986578190368323,22.997422004384195,100
600,184,4,SmokingPackYears,1.5903386343993703e-5,1.3779183495388314e-5,2.7626115500073063e-6,2.8955067502412737e-6,1.1678708513783531,1.1545590069265872,0.10758327983273462,0.010758327983273462,1.154160284556507,13.356921618191365,100
40,744,5,PercentEmphysema,0.0005263718802646217,0.00010712996072859459,0.0003118459446720786,4.655786681770478e-5,4.953653902487653,4.625850043066359,1.9744356786708228,0.19744356786708228,4.913395624200254,79.64747648093638,100
60,724,5,PercentEmphysema,0.0002845028381780586,7.748621888840984e-5,0.00012084236879765072,3.177505275804853e-5,3.7226986855374298,3.6373112171585467,0.8262008914894696,0.08262008914894696,3.671657260599842,72.76434239298717,100
80,704,5,PercentEmphysema,0.0002073896583101354,6.513268140726537e-5,6.299961179073667e-5,1.5558002492325037e-5,3.20306099129171,3.097425360743823,0.7157245276327732,0.07157245276327731,3.1841105544750636,68.59405529765404,100
100,684,5,PercentEmphysema,0.0001797408234147376,6.405726190214715e-5,5.316230065416851e-5,1.66987497510952e-5,2.821365433286931,2.741515897932574,0.5374372663431426,0.05374372663431426,2.8059398431563753,64.36131720931303,100
125,659,5,PercentEmphysema,0.00013373133521048605,5.733640212857703e-5,2.9848387720875675e-5,1.0286663528256012e-5,2.351496408953637,2.275236970363908,0.4462547374912595,0.04462547374912595,2.332398445765627,57.125678855795044,100
150,634,5,PercentEmphysema,0.00011545267516505916,5.7004972810086275e-5,2.3984369664081463e-5,1.0194615101499048e-5,2.04932962944306,1.9914573660395822,0.39081918557554723,0.039081918557554725,2.0253088366464644,50.624814255201954,100
200,584,5,PercentEmphysema,8.955004600340488e-5,5.289144797434097e-5,1.4387934698588119e-5,9.129342037482564e-6,1.7213204121104306,1.6927408390082614,0.30422199736870403,0.030422199736870402,1.6930912166906067,40.93643684746971,100
250,534,5,PercentEmphysema,7.907544893729124e-5,5.1896315474627134e-5,1.5093233264936778e-5,1.039600340127819e-5,1.5492661648562356,1.5554092057861229,0.257205648526357,0.025720564852635703,1.5237199060105218,34.37114025646294,100
300,484,5,PercentEmphysema,7.229077504306692e-5,5.1124122968147214e-5,1.1832619970720865e-5,9.505791226424587e-6,1.4365607817534933,1.4140309553953279,0.2308178746878615,0.023081787468786148,1.414024746949841,29.279879849551705,100
400,384,5,PercentEmphysema,6.814784309281659e-5,5.622148540025075e-5,1.0187712159474596e-5,1.0796297768519277e-5,1.232032477424451,1.2255681084560242,0.1733564028693107,0.01733564028693107,1.2121316718628115,17.50071191001933,100
500,284,5,PercentEmphysema,7.163852872863998e-5,6.258288862246824e-5,1.1857379343033565e-5,1.301555835672834e-5,1.1585554007106829,1.161826444017721,0.12842642519006564,0.012842642519006565,1.144698340161317,12.640739929868817,100
600,184,5,PercentEmphysema,9.649028461204992e-5,8.944380695843904e-5,1.813996833403188e-5,1.9064835272261526e-5,1.087849864083831,1.0783312736034705,0.09235178271018116,0.009235178271018116,1.0787810569924097,7.302784608773861,100
40,744,6,COPD: 1,0.052974098141654755,0.012170402013519974,0.01507351912159705,0.0040907092591391785,4.484744594150808,4.3378793221632055,0.900218207365361,0.0900218207365361,4.352699120604757,77.02574948803121,100
60,724,6,COPD: 1,0.03179112116248477,0.009444676879733011,0.0068959164237571,0.0026351225971444144,3.4697656372311627,3.304048384040498,0.732706370011138,0.0732706370011138,3.36603587050227,70.29146335713936,100
80,704,6,COPD: 1,0.02386734318825344,0.00802920149115844,0.005729774099068403,0.0017108586774405106,3.0077568876839225,2.8380930485748754,0.5900331918736703,0.05900331918736703,2.972567473183426,66.35904789306379,100
100,684,6,COPD: 1,0.019150208736947148,0.007546989363357648,0.003366307794001994,0.0013625931486858276,2.5719918003634628,2.4701164541400473,0.41948179747086173,0.04194817974708617,2.5374633267572593,60.59056343967162,100
125,659,6,COPD: 1,0.01573292737827064,0.007123622075911094,0.002624970804241229,0.00117047397887644,2.2389608923818334,2.2110316754212427,0.36791870380394726,0.03679187038039473,2.2085572775501903,54.721572758609405,100
150,634,6,COPD: 1,0.013398460150768697,0.007067434591893558,0.002178405288025971,0.0013604522066123562,1.9359379848160227,1.878863568159983,0.34906117762045513,0.03490611776204551,1.8958024975762648,47.25188930395047,100
200,584,6,COPD: 1,0.010689955846148201,0.006362998350044447,0.001813971001349196,0.001417338799140814,1.7245357147992002,1.7235037463344967,0.30926542930936574,0.030926542930936572,1.6800186418520018,40.47685096531845,100
250,534,6,COPD: 1,0.00948492781456063,0.006622170312521547,0.0018807341178128723,0.0015880052357854842,1.4680922055875976,1.4577330632116707,0.26011752038494346,0.026011752038494346,1.4322989846132514,30.182174899047386,100
300,484,6,COPD: 1,0.0086012468884084,0.006241169094949266,0.001402764173865701,0.0013122068722392524,1.405105298612092,1.4091154776273522,0.2155583146041953,0.02155583146041953,1.378146747436959,27.438786772179846,100
400,384,6,COPD: 1,0.007984294090382512,0.006501277992808423,0.001192465895188609,0.0013523212133893254,1.254963454639543,1.2697886081326704,0.19165860900357556,0.019165860900357556,1.2281114727311415,18.574166742686206,100
500,284,6,COPD: 1,0.008733466252979834,0.007923970535903425,0.0014066776751130929,0.0017153322681489568,1.1227611846206325,1.1258055261685884,0.14724442809025134,0.014724442809025134,1.102157840366593,9.268893857581595,100
600,184,6,COPD: 1,0.011425159883662954,0.010683636580560691,0.0019099099461903446,0.002264813049575275,1.0820405404837121,1.0752536890853266,0.10473548152037544,0.010473548152037545,1.069407387410715,6.4902663127067495,100
40,744,7,NHW: 1,0.33149655055842286,0.08591352033727315,0.8198980344195904,0.18814390471881196,3.4638755396453758,3.3546591367243264,0.88932618062649,0.088932618062649,3.8584910647015445,74.08313293379751,100
60,724,7,NHW: 1,0.10645283602626886,0.036824900649256316,0.0734581675153105,0.02345182231009197,2.8639051169372176,2.7572041203906963,0.7033789474978337,0.07033789474978337,2.8907840659284627,65.40730897937823,100
80,704,7,NHW: 1,0.07430601122722166,0.029686311851182264,0.03191782386364158,0.008995559766315369,2.4666653934847576,2.3371186619687565,0.528459912690725,0.0528459912690725,2.5030395018323035,60.04857297425915,100
100,684,7,NHW: 1,0.05769646676378652,0.02643587902834416,0.024093306469638785,0.007919263974509578,2.1557333373538548,2.137709346512172,0.4362633290907259,0.04362633290907259,2.182506082053304,54.18111279400427,100
125,659,7,NHW: 1,0.04776923528916124,0.02431053817053662,0.017556892971206963,0.006071370360338325,1.9461837776441764,1.9227244911399632,0.34147304230931963,0.034147304230931964,1.9649600084565633,49.10837901553629,100
150,634,7,NHW: 1,0.039610545921163226,0.021980098867001526,0.013446404540717424,0.004426178869546879,1.7907196905497653,1.7569441200946794,0.37923055098676733,0.03792305509867673,1.8021095428569747,44.50947757511733,100
200,584,7,NHW: 1,0.02948899624940523,0.01956656804438994,0.007138083432236197,0.0033912545758433303,1.501817419635554,1.5079575161282253,0.1952725706834653,0.01952725706834653,1.5071113228699407,33.64790080033808,100
250,534,7,NHW: 1,0.025374607665828854,0.018431771511876943,0.004481569728462162,0.0029183725954071305,1.3810850407773696,1.3747678129261467,0.15319992439984242,0.015319992439984243,1.3766776378210923,27.361353702038116,100
300,484,7,NHW: 1,0.023278457444432007,0.01815215385061045,0.003974016581558192,0.0027733020694844747,1.2885139182488314,1.2747151656083444,0.15595451613048913,0.015595451613048913,1.282407456217608,22.021663617782895,100
400,384,7,NHW: 1,0.02274693748701817,0.019147168499803094,0.003794194497921665,0.0032936669741527864,1.1918693269468073,1.1904094756672519,0.08457749499859436,0.008457749499859436,1.1880052910827048,15.825290719990281,100
500,284,7,NHW: 1,0.023691076102114707,0.02151117236183112,0.0038928909175165757,0.003791877188515632,1.1055416770825637,1.1057057302323647,0.06923079560255713,0.006923079560255713,1.1013382117727601,9.201370722408875,100
600,184,7,NHW: 1,0.03216556057825756,0.03054249276266401,0.0076678980277518445,0.007449267054072825,1.0559335280918276,1.0579390632113377,0.04719805692142472,0.004719805692142472,1.0531413014715563,5.045980192525146,100
40,744,8,CurrentSmoker: 1,0.05625953614032949,0.015296198961626657,0.017816219715062576,0.0050393127377708746,3.722008862173786,3.692042880837566,0.599562057452594,0.05995620574525941,3.6780076070837557,72.81136672817034,100
60,724,8,CurrentSmoker: 1,0.034060591336915406,0.011369937654446185,0.00985547286757889,0.002626862230871342,3.0081328738350193,2.90578290095977,0.5791611607962883,0.057916116079628835,2.995670897420981,66.61849601500234,100
80,704,8,CurrentSmoker: 1,0.025793376377553887,0.010283579671186514,0.00716959943446456,0.002421140139407675,2.5187720354781167,2.497119820958627,0.4412558590476356,0.04412558590476356,2.5082099037773937,60.13092849629578,100
100,684,8,CurrentSmoker: 1,0.020275187521625927,0.009127357737949782,0.00433673749630872,0.0017811339883446835,2.246192887154085,2.240984421823694,0.3732998878493729,0.03732998878493729,2.2213643974231045,54.98262233967327,100
125,659,8,CurrentSmoker: 1,0.016903636811983536,0.008860547091704871,0.0036059927661370728,0.0017665113069538824,1.9191185240589286,1.863014647144888,0.26615942860133973,0.026615942860133975,1.907741885126766,47.58200740906039,100
150,634,8,CurrentSmoker: 1,0.01421506175365429,0.008171907120933086,0.002561180458221496,0.0013986044730194228,1.752717921097792,1.7437358924104291,0.23376218720555647,0.023376218720555647,1.7395035875091032,42.51233471544842,100
200,584,8,CurrentSmoker: 1,0.01151772008735661,0.007404731985396249,0.001990073311549017,0.0014614890597857886,1.5719232849238827,1.566805948093348,0.190527030267221,0.0190527030267221,1.5554540137404127,35.710089069409904,100
250,534,8,CurrentSmoker: 1,0.009610674655391472,0.00688024390639225,0.0015266143614270239,0.0010433165287639257,1.4072142349876475,1.4174327590457656,0.1787273609559111,0.01787273609559111,1.396850865484936,28.410396219868737,100
300,484,8,CurrentSmoker: 1,0.009195064601387342,0.006930601436124911,0.0015932002235446757,0.0012389225185824057,1.3351379971991555,1.3308662540416416,0.1456626232788158,0.01456626232788158,1.326734005141198,24.626941336777243,100
400,384,8,CurrentSmoker: 1,0.008337805804923942,0.007033936664806124,0.0013246487888872113,0.0011997550591084983,1.1911233786799347,1.1785957257189876,0.09496656448016721,0.009496656448016722,1.185368336715576,15.6380368003751,100
500,284,8,CurrentSmoker: 1,0.009422646315419305,0.008530988880437703,0.00171977316232412,0.0015419944618550094,1.107402245824442,1.1066544866063874,0.08621036248063199,0.008621036248063199,1.1045198214976284,9.462919493459976,100
600,184,8,CurrentSmoker: 1,0.012096764289315444,0.01139282600747319,0.0024672713308094354,0.002511494801712344,1.0664127021111345,1.070921174925168,0.06172124411314177,0.0061721244113141765,1.061787855039698,5.819227894388357,100
40,744,9,Site: UIA,0.035563908100763125,0.009118490968415447,0.007834884263725268,0.0024229099283204474,3.9906559687015597,3.905847329186737,0.7130784579098908,0.07130784579098907,3.9001966689388734,74.36026731769734,100
60,724,9,Site: UIA,0.022848626074714953,0.007605935148120156,0.00430352693775106,0.0013652653190857423,3.0259270509648726,2.999609590861245,0.44107263412168024,0.04410726341216802,3.0040521815863896,66.71163017308453,100
80,704,9,Site: UIA,0.016363781528894283,0.006695685017727127,0.0026758038167624073,0.0011920597653551797,2.470015029205499,2.434605472146269,0.3392491848647725,0.03392491848647725,2.443929409100105,59.08228788129293,100
100,684,9,Site: UIA,0.013150888558345383,0.006078537923693715,0.00217548840201882,0.000976734499511874,2.1831650274705043,2.0916757889272137,0.321080485791802,0.0321080485791802,2.163495354217359,53.77850023802115,100
125,659,9,Site: UIA,0.011190151612198487,0.005814899678546731,0.0020422359223191233,0.0008833417099190456,1.9326063369061666,1.9525156985083378,0.26336756437148284,0.026336756437148286,1.9243928925348455,48.03555948064317,100
150,634,9,Site: UIA,0.009533139878603826,0.00545537623486046,0.001469789847351469,0.0007861940725947554,1.7579282156167264,1.7370190916267951,0.21166656984783702,0.0211666569847837,1.7474761534660075,42.77461251665359,100
200,584,9,Site: UIA,0.007520293229146297,0.004956263650237873,0.0011597524145953747,0.0007271619226614795,1.5286252257248198,1.53437048395678,0.19500250352591234,0.019500250352591234,1.517331151014407,34.094808550430585,100
250,534,9,Site: UIA,0.006523986837564298,0.004725753670521939,0.0009475473472767215,0.0007148049594405895,1.3927484730255568,1.3929030474877904,0.1765861079963258,0.01765861079963258,1.3805177528103685,27.56340887581743,100
300,484,9,Site: UIA,0.005996040305538239,0.004698968832178249,0.000927933908804263,0.0007194023289083576,1.2825595356023591,1.287927275366135,0.12972668252168376,0.012972668252168376,1.276033214878491,21.632133996196647,100
400,384,9,Site: UIA,0.005613409782444148,0.004816999237880582,0.0007925698486438993,0.000749908980062819,1.171778791863765,1.1564451961849933,0.09634863650531407,0.009634863650531407,1.1653333341430996,14.18764308022421,100
500,284,9,Site: UIA,0.006350088715403268,0.005721438730782451,0.0012886706435530865,0.0012009299007606628,1.1131623472776484,1.1077585896135569,0.07399168895846288,0.007399168895846288,1.109876206702793,9.899861447540337,100
600,184,9,Site: UIA,0.008103807585956904,0.0076944184399504725,0.0011540556601694698,0.0011505136136540884,1.0555383049218479,1.0585536621404574,0.05617108538679608,0.005617108538679608,1.0532059894066623,5.051812270516665,100
