heterogeneity,n,m,rep,coef_mse_mlm,coef_mse_bayes,ratio_coef_mse,test_mse_mlm,test_mse_bayes,ratio_test_mse
moderate,60.0,300.0,1,0.04043996628769653,0.009150102751953229,4.419618815653627,1.476061775010522,1.1085503496218023,1.331524342141159
moderate,60.0,300.0,2,0.028241845250040257,0.0072952516935881435,3.8712639996865694,1.20847511804905,1.0150861852539286,1.190514791359065
moderate,60.0,300.0,3,0.030485581001577333,0.008081314227364432,3.772354365129003,1.3303203053886452,1.0972899858341256,1.2123689476463937
moderate,60.0,300.0,4,0.03259221410670659,0.007502358154849753,4.344262621698218,1.2986578617627145,1.048542162529397,1.2385366160479077
moderate,60.0,300.0,5,0.03007506201496264,0.0072052283403805754,4.174060917183104,1.3180947415887625,1.087554681911459,1.2119802006388425
moderate,60.0,300.0,6,0.030310637852815195,0.00817399144125791,3.708180767088084,1.2634641200538899,1.0709987494599633,1.1797064382110387
moderate,60.0,300.0,7,0.031066354790057905,0.00791616416747738,3.924420228384137,1.354016065400754,1.113128237680544,1.2164061781616058
moderate,60.0,300.0,8,0.033660708335577265,0.007592102949237312,4.4336475098719195,1.3831771765540364,1.0935691731122528,1.2648282436652554
moderate,60.0,300.0,9,0.030709362344035717,0.00792952809642576,3.8727856148057516,1.3595455437022728,1.084971705402085,1.2530700449911105
moderate,60.0,300.0,10,0.03140578236022227,0.007629525853985761,4.116347851919984,1.3623498680478046,1.0625185089062292,1.2821893045893626
moderate,60.0,770.0,1,0.027965939460986078,0.0072235235287468474,3.8715094302236834,1.3457762442714076,1.100608407238043,1.2227566457070855
moderate,60.0,770.0,2,0.031102436408772492,0.006926300759441454,4.4904830859930245,1.2930696448466124,1.0443640960491098,1.238140653952362
moderate,60.0,770.0,3,0.031394892706095356,0.007856799173312428,3.995888403605366,1.3432522889596914,1.1058752777267733,1.214650798343976
moderate,60.0,770.0,4,0.03422543289836968,0.007812401793502265,4.380910480927347,1.2865808919635435,1.0604318269946233,1.2132612952685988
moderate,60.0,770.0,5,0.032540623107216685,0.007424361606997938,4.382952343881668,1.331356171286618,1.0872535519376578,1.2245130576156138
moderate,60.0,770.0,6,0.03433286611994352,0.00758060706056804,4.529039144969327,1.249127671191608,1.0412590005763822,1.1996320516799004
moderate,60.0,770.0,7,0.03065221818773178,0.007033382721231869,4.358104684848312,1.2997550611140327,1.0617284731756351,1.2241878163316642
moderate,60.0,770.0,8,0.02926437064582582,0.006869134373935457,4.260270516306658,1.2134733083311617,1.048712752250276,1.1571074211955092
moderate,60.0,770.0,9,0.02908364099223722,0.007474140818043472,3.8912353540390656,1.2648201006740827,1.0678039451268861,1.1845059258736728
moderate,60.0,770.0,10,0.03328901900968154,0.007860274808774785,4.235096077368629,1.3820211746608946,1.0906747910937566,1.2671248899729022
moderate,200.0,300.0,1,0.008084918644335371,0.0037347595048290074,2.1647762416513436,1.0678659496130058,1.0282272249896593,1.038550549586688
moderate,200.0,300.0,2,0.007975612958051888,0.0035679057638149094,2.235376572705252,1.07848116908803,1.038950821933978,1.0380483332988442
moderate,200.0,300.0,3,0.00827671415865485,0.003752906005056501,2.205414723284614,1.071217179432834,1.0275922911824757,1.0424534989457326
moderate,200.0,300.0,4,0.00796374384590298,0.0036949783838739663,2.1552883450304425,1.0754762141871095,1.0291102936122414,1.0450543745045255
moderate,200.0,300.0,5,0.007576893271615558,0.0035652809784654333,2.125188257918679,1.077662066241956,1.0428613586831936,1.0333704065924014
moderate,200.0,300.0,6,0.008547078483230396,0.003741450780989995,2.284428951105652,1.0752342248517943,1.0272289036413398,1.0467328372870783
moderate,200.0,300.0,7,0.008043359494937464,0.003644324996367296,2.207091711895941,1.097248020888882,1.0501895216362214,1.044809530359189
moderate,200.0,300.0,8,0.007812184094010369,0.0036225489832895333,2.156543398045745,1.0905714506517896,1.0496285337334714,1.0390070540219467
moderate,200.0,300.0,9,0.007842558639752898,0.003608876548806376,2.173130206503406,1.0989547157134274,1.0529119711080863,1.043728959180591
moderate,200.0,300.0,10,0.008237976423526689,0.003793201786723136,2.1717738435010325,1.08790325103263,1.042031168929112,1.0440217946173918
moderate,200.0,770.0,1,0.007281535928007631,0.0034420499154736877,2.115464942932288,1.069248984811354,1.0317553080208612,1.0363396984721251
moderate,200.0,770.0,2,0.008236646173582891,0.0037584615708547327,2.191494051037949,1.071605585899621,1.025910655198562,1.044540848142585
moderate,200.0,770.0,3,0.008283935195515131,0.00369924647129133,2.239357463689999,1.0997480169653047,1.0522815329596265,1.0451081602393753
moderate,200.0,770.0,4,0.006947607922400956,0.0034109944216917445,2.0368276999278008,1.0616130930104644,1.0286856041582448,1.0320092832242593
moderate,200.0,770.0,5,0.008232460380489349,0.003670314336276662,2.24298510324343,1.0805201234189206,1.0277559479010638,1.0513392071586785
moderate,200.0,770.0,6,0.007790914961996781,0.003437311080333765,2.2665725562553036,1.0772714901772824,1.0342369116951051,1.0416099812291983
moderate,200.0,770.0,7,0.007615893959517707,0.0035417517739746306,2.150318386364775,1.077192730744974,1.0363267090905173,1.0394335312368055
moderate,200.0,770.0,8,0.007704228987021614,0.00363359477369461,2.120277429612223,1.0854200371680924,1.042667321312016,1.041003218363341
moderate,200.0,770.0,9,0.007700968144375095,0.0035586336039102376,2.164023892741654,1.083589302869895,1.0400100527063707,1.041902720122868
moderate,200.0,770.0,10,0.00793694125161043,0.003501883777875857,2.2664776317690225,1.086925515264028,1.040710901505386,1.0444067739578713
moderate,400.0,770.0,1,0.0037642226380236615,0.002384438291882039,1.57866221610313,1.0448096258284474,1.031118197233513,1.013278233893717
moderate,400.0,770.0,2,0.0037073294722414435,0.0024010941471339364,1.5440167044956123,1.035057417144491,1.023396325729007,1.0113945019366541
moderate,400.0,770.0,3,0.003506378614024426,0.002230434001353446,1.5720611378309004,1.0436595609649635,1.0300801726387587,1.013182846041409
moderate,400.0,770.0,4,0.003543748063712789,0.00235407201555814,1.5053694365729005,1.0319031292213774,1.018773509592389,1.0128876727804215
moderate,400.0,770.0,5,0.0038198157352575257,0.0024757407362068023,1.542898123133056,1.0308136195295083,1.0198832080286604,1.0107173168602073
moderate,400.0,770.0,6,0.0034110731614768164,0.002181190002962529,1.5638587912304014,1.0330792847286603,1.0196719692169165,1.0131486555642402
moderate,400.0,770.0,7,0.0036624311352601744,0.002385071549985902,1.5355644719680726,1.0350033869067226,1.022268942064179,1.0124570397461454
moderate,400.0,770.0,8,0.003705556820138115,0.002365488925675234,1.5665077861568748,1.0398283073495838,1.0275936262312024,1.0119061473388593
moderate,400.0,770.0,9,0.003756136430969272,0.002406066507344543,1.561110808659539,1.03512450073834,1.0227991409724442,1.0120506160712819
moderate,400.0,770.0,10,0.0037546796222547715,0.0024158468139509727,1.5541877906216321,1.0419911581022332,1.029110128686283,1.0125166676110686
large,60.0,300.0,1,0.030852438636699987,0.011555628950624465,2.6699056164340345,1.3041501340468638,1.0937645570464372,1.1923499674999016
large,60.0,300.0,2,0.031995560634678295,0.012220424285825635,2.6182037453306486,1.4228323787974049,1.1806873782364036,1.2050881588339617
large,60.0,300.0,3,0.029416173778406943,0.011460019365285186,2.5668520131401116,1.3686568061534061,1.1460867806728905,1.194199976156989
large,60.0,300.0,4,0.03241723291847023,0.01144804842109267,2.831682023526603,1.2936171338714597,1.1023623657555506,1.1734953714469603
large,60.0,300.0,5,0.03311148657589414,0.011730822848516344,2.8226056265168062,1.3375008157606947,1.1481272393849702,1.1649412799204801
large,60.0,300.0,6,0.03260736158620194,0.012282590294253765,2.6547626196940586,1.39603200756484,1.1289351721124858,1.2365918274585752
large,60.0,300.0,7,0.03604517609828382,0.012215139552754285,2.9508607693439166,1.3522079193478005,1.083629224634801,1.247851099441799
large,60.0,300.0,8,0.02995784087315594,0.01130191384829702,2.650687421199022,1.2299252236657991,1.0810322781790436,1.1377321921761299
large,60.0,300.0,9,0.032690138503435745,0.011877303445656077,2.7523198891909773,1.213676587445952,1.0521299337875254,1.153542493631828
large,60.0,300.0,10,0.028144163051925707,0.011302629141625185,2.490054543882779,1.293187725327455,1.1250880274886075,1.1494102627810159
large,60.0,770.0,1,0.031314585868603466,0.011668285113383779,2.683735061691709,1.3327016744588838,1.1203479738140325,1.1895426292618083
large,60.0,770.0,2,0.03366285079826225,0.011750548158656997,2.864789824588887,1.3360522536559503,1.110404348154968,1.2032123756322781
large,60.0,770.0,3,0.026313550770508037,0.010537912333875505,2.497036408807432,1.2560741080086157,1.1099753882512424,1.1316233867018897
large,60.0,770.0,4,0.03680662204284207,0.012006459790714234,3.0655682594554823,1.3106879630879968,1.1184568742352017,1.1718717040245672
large,60.0,770.0,5,0.03296300570771388,0.012031226899473167,2.739787553101279,1.337067006881092,1.1145515777335029,1.199645699304545
large,60.0,770.0,6,0.03216827532953727,0.011826878280401576,2.719929517059764,1.3798400170086924,1.1330700402092617,1.2177888109669335
large,60.0,770.0,7,0.031266429901512176,0.0113056659912887,2.765554008547904,1.3395147948834516,1.1323323993661865,1.1829695905842081
large,60.0,770.0,8,0.03510832493466556,0.011682393208676046,3.005233971117494,1.373799608911474,1.1193128378539743,1.2273598251096804
large,60.0,770.0,9,0.034878104199930635,0.011808309046260552,2.953691681280633,1.35179668163242,1.1257639383190348,1.2007816520139136
large,60.0,770.0,10,0.03191030066805585,0.011659413445646106,2.736870153615823,1.4465807863084914,1.1576918621054204,1.249538701669447
large,200.0,300.0,1,0.007639356979664276,0.005076749153418787,1.504773379342522,1.0652641430611454,1.0382266450582167,1.0260419997229147
large,200.0,300.0,2,0.007947457745021827,0.005291869780127363,1.5018241331007487,1.0888348730323139,1.0606924765075083,1.0265320978022476
large,200.0,300.0,3,0.007305372978692518,0.004736531607458599,1.54234650671153,1.0530207580175417,1.0303003171519385,1.0220522506762002
large,200.0,300.0,4,0.007510601329543632,0.004975512886881991,1.5095129889715364,1.0637861838361136,1.0357535031146525,1.0270650117399196
large,200.0,300.0,5,0.006782863835552215,0.004659119218079166,1.4558253433893917,1.0519193759172498,1.0315568521397962,1.019739604012338
large,200.0,300.0,6,0.007710468276045925,0.005349692199491603,1.4412919451288568,1.085717432828774,1.0604989685819504,1.0237798102534175
large,200.0,300.0,7,0.008033786292144999,0.00516484434539131,1.5554750065824734,1.0724128455565851,1.0435322342561966,1.0276758209783274
large,200.0,300.0,8,0.00777943559004766,0.005145301696580313,1.51194935667583,1.0887111185768223,1.0642584836074958,1.0229762180390989
large,200.0,300.0,9,0.007051678795058501,0.004901928012429639,1.4385520915806636,1.0717256434381668,1.0516798624019248,1.0190607253717492
large,200.0,300.0,10,0.0077841968667562034,0.004999578636837522,1.5569705833610188,1.066847088309132,1.0458541932686438,1.0200724873272042
large,200.0,770.0,1,0.007716761542066504,0.0051137613711756845,1.5090187010999252,1.0843529158813219,1.0562576953389118,1.0265988315790642
large,200.0,770.0,2,0.007997969207421539,0.005191633735425818,1.540549587087839,1.0725931675346192,1.046602558795325,1.0248333128185836
large,200.0,770.0,3,0.007395674271011083,0.0049135300919272195,1.5051651526795269,1.0878777690276682,1.0644624947307095,1.0219972750687494
large,200.0,770.0,4,0.0074527102515495585,0.004932399634423896,1.510970481697401,1.0763385490912603,1.048694852164926,1.0263600959509496
large,200.0,770.0,5,0.007733123657358315,0.005109569635440283,1.5134589034115324,1.0789549519075197,1.0494292198224393,1.0281350390549218
large,200.0,770.0,6,0.007729819960250155,0.005091000959944053,1.5183300928576335,1.0693727200683163,1.044759908593135,1.0235583422303454
large,200.0,770.0,7,0.00807382194948718,0.005257660172111175,1.5356302395339476,1.0930859051184378,1.0672091226221547,1.0242471526411836
large,200.0,770.0,8,0.007952701667936856,0.005142741505960773,1.5463934282365068,1.0705098181742754,1.0462589979200485,1.0231786013811468
large,200.0,770.0,9,0.0071975739460407515,0.004855988471429229,1.4822057318275181,1.0873916996157682,1.0586090011614726,1.0271891684490837
large,200.0,770.0,10,0.007959077066357428,0.005124212964563969,1.553229173220884,1.0751492231450668,1.0483273157538835,1.0255854321337556
large,400.0,770.0,1,0.003867294049554731,0.003015274132043605,1.28256797896305,1.0321567851381963,1.0243868999528558,1.007584912678694
large,400.0,770.0,2,0.0036393812650113103,0.002976682456067942,1.2226299978999984,1.0318024346425592,1.0263407118714125,1.0053215493724184
large,400.0,770.0,3,0.003681184944006507,0.0029182278443230835,1.2614453498439566,1.0410713866652535,1.0332387958428864,1.0075806201372621
large,400.0,770.0,4,0.00386235002888002,0.0030962441493372784,1.2474307072026989,1.0372838020594672,1.0292684077784553,1.007787467506471
large,400.0,770.0,5,0.0037173164535450136,0.0029302926023269753,1.2685820011943703,1.0371292256154805,1.0298474304588283,1.0070707513960664
large,400.0,770.0,6,0.00373965001025824,0.002947863790609507,1.2685966095757164,1.0308087385832896,1.0238772086778332,1.0067698839731059
large,400.0,770.0,7,0.0037011366853913533,0.002951765809784974,1.253872062994377,1.029435191606679,1.0224896760892122,1.0067927487972612
large,400.0,770.0,8,0.0037656340372566243,0.0029735808383552897,1.2663634324935404,1.03235800395145,1.024604549848542,1.0075672649551028
large,400.0,770.0,9,0.0037178174377880393,0.002958231553104407,1.256770259882636,1.032128826545818,1.0253743758477725,1.0065873020207483
large,400.0,770.0,10,0.00352233735412102,0.002829336746369511,1.2449339438441673,1.0431508298819185,1.0353085292330781,1.0075748440463923
